,business_category,potential_opportunities
0,American (New),"{0: [u'Steakhouses', u'Restaurants', u'Event Planning & Services', u'Italian', u'Nightlife', u'Pizza'], 32: [u'Steakhouses', u'Restaurants', u'Event Planning & Services', u'Italian', u'Nightlife'], 66: [u'Steakhouses', u'Restaurants', u'Event Planning & Services', u'Italian', u'Nightlife', u'Pizza'], 35: [u'Steakhouses', u'Event Planning & Services', u'Italian', u'Nightlife'], 97: [u'Steakhouses', u'Restaurants', u'Event Planning & Services', u'Italian', u'Nightlife', u'Pizza'], 98: [u'Steakhouses', u'Restaurants', u'Event Planning & Services', u'Italian', u'Nightlife', u'Pizza'], 65: [u'Restaurants', u'Event Planning & Services', u'Italian', u'Nightlife', u'Pizza'], 8: [u'Steakhouses', u'Restaurants', u'Event Planning & Services', u'Italian', u'Nightlife', u'Pizza'], 64: [u'Steakhouses', u'Restaurants', u'Event Planning & Services', u'Italian', u'Nightlife', u'Pizza'], 43: [u'Steakhouses', u'Restaurants', u'Event Planning & Services', u'Italian', u'Nightlife'], 82: [u'Steakhouses', u'Restaurants', u'Event Planning & Services', u'Italian', u'Nightlife', u'Pizza'], 110: [u'Steakhouses', u'Restaurants', u'Event Planning & Services', u'Italian', u'Nightlife', u'Pizza'], 111: [u'Steakhouses', u'Restaurants', u'Event Planning & Services', u'Italian', u'Nightlife', u'Pizza'], 18: [u'Steakhouses', u'Restaurants', u'Event Planning & Services', u'Italian', u'Nightlife', u'Pizza'], 20: [u'Steakhouses', u'Restaurants', u'Event Planning & Services', u'Italian', u'Nightlife', u'Pizza'], 52: [u'Steakhouses', u'Event Planning & Services', u'Italian', u'Nightlife'], 29: [u'Steakhouses', u'Restaurants', u'Event Planning & Services', u'Italian', u'Nightlife']}"
1,Beauty & Spas,"{32: [u'Hair Salons', u'Day Spas', u'Nail Salons'], 64: [u'Hair Salons', u'Day Spas', u'Nail Salons'], 131: [u'Hair Salons', u'Day Spas', u'Nail Salons'], 100: [u'Hair Salons', u'Day Spas', u'Nail Salons'], 5: [u'Hair Salons', u'Day Spas', u'Nail Salons'], 9: [u'Hair Salons', u'Day Spas', u'Nail Salons'], 95: [u'Hair Salons', u'Day Spas', u'Nail Salons'], 47: [u'Hair Salons', u'Day Spas', u'Nail Salons'], 58: [u'Hair Salons', u'Day Spas', u'Nail Salons'], 27: [u'Hair Salons', u'Day Spas', u'Nail Salons'], 92: [u'Hair Salons', u'Day Spas', u'Nail Salons'], 63: [u'Hair Salons', u'Day Spas', u'Nail Salons']}"
2,Arts & Entertainment,"{65: [u'Art Galleries', u'Stadiums & Arenas', u'Music Venues', u'Museums', u'Shopping', u'Restaurants', u'Nightlife'], 66: [u'Art Galleries', u'Stadiums & Arenas', u'Music Venues', u'Museums', u'Shopping', u'Restaurants', u'Nightlife'], 4: [u'Art Galleries', u'Stadiums & Arenas', u'Music Venues', u'Museums', u'Shopping', u'Restaurants', u'Nightlife'], 37: [u'Art Galleries', u'Stadiums & Arenas', u'Music Venues', u'Museums', u'Shopping', u'Restaurants', u'Nightlife'], 8: [u'Art Galleries', u'Stadiums & Arenas', u'Music Venues', u'Museums', u'Shopping', u'Restaurants', u'Nightlife'], 108: [u'Art Galleries', u'Stadiums & Arenas', u'Music Venues', u'Museums', u'Shopping', u'Restaurants', u'Nightlife'], 98: [u'Art Galleries', u'Stadiums & Arenas', u'Music Venues', u'Museums', u'Shopping', u'Restaurants', u'Nightlife'], 46: [u'Art Galleries', u'Stadiums & Arenas', u'Music Venues', u'Museums', u'Shopping', u'Nightlife'], 109: [u'Art Galleries', u'Stadiums & Arenas', u'Music Venues', u'Museums', u'Shopping', u'Restaurants', u'Nightlife'], 48: [u'Art Galleries', u'Stadiums & Arenas', u'Music Venues', u'Museums', u'Restaurants', u'Nightlife'], 18: [u'Art Galleries', u'Stadiums & Arenas', u'Music Venues', u'Shopping', u'Restaurants', u'Nightlife'], 19: [u'Art Galleries', u'Stadiums & Arenas', u'Music Venues', u'Museums', u'Shopping', u'Restaurants', u'Nightlife'], 25: [u'Art Galleries', u'Stadiums & Arenas', u'Music Venues', u'Museums', u'Restaurants', u'Nightlife'], 30: [u'Art Galleries', u'Stadiums & Arenas', u'Music Venues', u'Museums', u'Shopping', u'Restaurants', u'Nightlife'], 69: [u'Art Galleries', u'Stadiums & Arenas', u'Music Venues', u'Museums', u'Shopping', u'Restaurants', u'Nightlife']}"
3,Breakfast & Brunch,"{107: [u'Diners', u'Ice Cream & Frozen Yogurt', u'Food', u'Restaurants', u'Italian'], 68: [u'Diners', u'Ice Cream & Frozen Yogurt', u'Food', u'Restaurants', u'Italian'], 102: [u'Diners', u'Ice Cream & Frozen Yogurt', u'Food', u'Restaurants', u'Italian'], 75: [u'Diners', u'Ice Cream & Frozen Yogurt', u'Restaurants', u'Italian'], 77: [u'Diners', u'Ice Cream & Frozen Yogurt', u'Italian'], 82: [u'Diners', u'Ice Cream & Frozen Yogurt', u'Food', u'Restaurants', u'Italian'], 54: [u'Diners', u'Ice Cream & Frozen Yogurt', u'Restaurants', u'Italian'], 24: [u'Diners', u'Ice Cream & Frozen Yogurt', u'Restaurants', u'Italian'], 122: [u'Diners', u'Ice Cream & Frozen Yogurt', u'Food', u'Restaurants', u'Italian'], 63: [u'Diners', u'Ice Cream & Frozen Yogurt', u'Food', u'Restaurants', u'Italian']}"
4,Beer,{}
5,Sandwiches,"{108: [u'Food', u'Pizza', u'Restaurants'], 130: [u'Food', u'Pizza', u'Restaurants'], 68: [u'Food', u'Restaurants'], 22: [u'Food', u'Restaurants'], 116: [u'Restaurants']}"
6,Pets,{}
7,Pet Services,"{96: [u'Pet Boarding/Pet Sitting'], 25: [u'Pet Boarding/Pet Sitting'], 114: [u'Pet Boarding/Pet Sitting'], 107: [u'Pet Boarding/Pet Sitting']}"
8,Home Services,"{126: [u'Restaurants', u'Local Services']}"
9,Wine & Spirits,{}
10,Pizza,"{4: [u'Italian', u'Middle Eastern', u'Restaurants', u'American (New)', u'Chinese'], 5: [u'Italian', u'Middle Eastern', u'Restaurants', u'American (New)', u'Chinese'], 6: [u'Italian', u'Middle Eastern', u'Restaurants', u'American (New)', u'Chinese'], 12: [u'Italian', u'Middle Eastern', u'Restaurants', u'American (New)', u'Chinese'], 16: [u'Italian', u'Middle Eastern', u'Restaurants', u'American (New)', u'Chinese'], 19: [u'Italian', u'Middle Eastern', u'Restaurants', u'American (New)', u'Chinese'], 22: [u'Italian', u'Middle Eastern', u'Restaurants', u'American (New)', u'Chinese'], 25: [u'Italian', u'Middle Eastern', u'Restaurants', u'American (New)', u'Chinese'], 27: [u'Italian', u'Middle Eastern', u'Restaurants', u'American (New)', u'Chinese'], 29: [u'Italian', u'Middle Eastern', u'Restaurants', u'Chinese'], 31: [u'Italian', u'Middle Eastern', u'Restaurants', u'American (New)', u'Chinese'], 32: [u'Italian', u'Restaurants', u'Chinese'], 33: [u'Italian', u'Middle Eastern', u'Restaurants', u'American (New)', u'Chinese'], 34: [u'Italian', u'Middle Eastern', u'Restaurants', u'American (New)', u'Chinese'], 35: [u'Italian', u'Middle Eastern', u'Chinese'], 36: [u'Italian', u'Middle Eastern', u'Restaurants', u'American (New)', u'Chinese'], 41: [u'Italian', u'Middle Eastern', u'American (New)', u'Chinese'], 43: [u'Italian', u'Middle Eastern', u'Restaurants', u'Chinese'], 47: [u'Italian', u'Middle Eastern', u'Restaurants', u'American (New)', u'Chinese'], 51: [u'Italian', u'Middle Eastern', u'Restaurants', u'American (New)', u'Chinese'], 52: [u'Italian', u'Middle Eastern', u'Chinese'], 55: [u'Italian', u'Middle Eastern', u'Restaurants', u'American (New)'], 57: [u'Italian', u'Middle Eastern', u'Restaurants', u'American (New)', u'Chinese'], 68: [u'Italian', u'Middle Eastern', u'Restaurants', u'American (New)', u'Chinese'], 69: [u'Italian', u'Middle Eastern', u'Restaurants', u'American (New)', u'Chinese'], 72: [u'Italian', u'Middle Eastern', u'Restaurants', u'American (New)', u'Chinese'], 78: [u'Italian', u'Middle Eastern', u'Restaurants', u'American (New)'], 81: [u'Italian', u'Middle Eastern', u'Restaurants', u'American (New)', u'Chinese'], 83: [u'Italian', u'Middle Eastern', u'Restaurants', u'American (New)', u'Chinese'], 85: [u'Italian', u'Middle Eastern', u'Restaurants', u'American (New)', u'Chinese'], 86: [u'Italian', u'Middle Eastern', u'Restaurants', u'American (New)', u'Chinese'], 93: [u'Italian', u'Middle Eastern', u'Restaurants', u'American (New)', u'Chinese'], 99: [u'Italian', u'Middle Eastern', u'Restaurants', u'American (New)', u'Chinese'], 103: [u'Italian', u'Middle Eastern', u'Restaurants', u'American (New)', u'Chinese'], 107: [u'Italian', u'Middle Eastern', u'Restaurants', u'American (New)', u'Chinese'], 113: [u'Italian', u'Middle Eastern', u'Restaurants', u'American (New)', u'Chinese'], 116: [u'Italian', u'Middle Eastern', u'Restaurants', u'American (New)', u'Chinese'], 126: [u'Italian', u'Middle Eastern', u'Restaurants', u'American (New)', u'Chinese'], 127: [u'Italian', u'Middle Eastern', u'Restaurants', u'American (New)', u'Chinese']}"
11,Life,{}
12,Shopping,"{97: [u'Art Galleries', u'Home & Garden', u'Arts & Entertainment', u'Restaurants'], 3: [u'Art Galleries', u'Home & Garden', u'Arts & Entertainment', u'Restaurants'], 68: [u'Art Galleries', u'Home & Garden', u'Arts & Entertainment', u'Restaurants'], 134: [u'Art Galleries', u'Home & Garden', u'Arts & Entertainment', u'Restaurants'], 103: [u'Art Galleries', u'Home & Garden', u'Arts & Entertainment', u'Restaurants'], 72: [u'Art Galleries', u'Home & Garden', u'Arts & Entertainment', u'Restaurants'], 106: [u'Art Galleries', u'Home & Garden', u'Arts & Entertainment', u'Restaurants'], 11: [u'Art Galleries', u'Home & Garden', u'Arts & Entertainment', u'Restaurants'], 13: [u'Art Galleries', u'Home & Garden', u'Arts & Entertainment', u'Restaurants'], 48: [u'Art Galleries', u'Home & Garden', u'Restaurants'], 81: [u'Art Galleries', u'Home & Garden', u'Arts & Entertainment', u'Restaurants'], 51: [u'Art Galleries', u'Home & Garden', u'Arts & Entertainment', u'Restaurants'], 21: [u'Art Galleries', u'Home & Garden', u'Arts & Entertainment', u'Restaurants'], 118: [u'Art Galleries', u'Home & Garden', u'Arts & Entertainment', u'Restaurants'], 23: [u'Art Galleries', u'Home & Garden', u'Arts & Entertainment', u'Restaurants'], 120: [u'Art Galleries', u'Home & Garden', u'Arts & Entertainment', u'Restaurants'], 25: [u'Art Galleries', u'Home & Garden', u'Restaurants']}"
13,Food,"{0: [u'Bakeries', u'Thai', u'Specialty Food', u'Desserts', u'Breweries', u'Ice Cream & Frozen Yogurt', u'Wine & Spirits', u'Coffee & Tea', u'Restaurants', u'Pizza', u'Sandwiches', u'Diners', u'Breakfast & Brunch', u'American (Traditional)', u'Burgers', u'Bars', u'Nightlife'], 128: [u'Bakeries', u'Thai', u'Specialty Food', u'American (New)', u'Desserts', u'Breweries', u'Ice Cream & Frozen Yogurt', u'Wine & Spirits', u'Coffee & Tea', u'Restaurants', u'Pizza', u'Sandwiches', u'Diners', u'Breakfast & Brunch', u'Burgers', u'Bars', u'Nightlife'], 2: [u'Bakeries', u'Thai', u'Specialty Food', u'American (New)', u'Desserts', u'Breweries', u'Ice Cream & Frozen Yogurt', u'Wine & Spirits', u'Coffee & Tea', u'Pizza', u'Sandwiches', u'Diners', u'Breakfast & Brunch', u'American (Traditional)', u'Burgers', u'Nightlife'], 3: [u'Bakeries', u'Thai', u'Specialty Food', u'American (New)', u'Desserts', u'Breweries', u'Ice Cream & Frozen Yogurt', u'Wine & Spirits', u'Coffee & Tea', u'Restaurants', u'Pizza', u'Sandwiches', u'Diners', u'Breakfast & Brunch', u'American (Traditional)', u'Burgers', u'Nightlife'], 4: [u'Bakeries', u'Thai', u'Specialty Food', u'American (New)', u'Desserts', u'Breweries', u'Ice Cream & Frozen Yogurt', u'Wine & Spirits', u'Coffee & Tea', u'Restaurants', u'Sandwiches', u'Diners', u'Breakfast & Brunch', u'American (Traditional)', u'Burgers', u'Bars', u'Nightlife'], 5: [u'Bakeries', u'Thai', u'Specialty Food', u'American (New)', u'Desserts', u'Breweries', u'Ice Cream & Frozen Yogurt', u'Wine & Spirits', u'Coffee & Tea', u'Restaurants', u'Sandwiches', u'Breakfast & Brunch', u'American (Traditional)', u'Burgers', u'Bars', u'Nightlife'], 6: [u'Bakeries', u'Thai', u'Specialty Food', u'American (New)', u'Desserts', u'Breweries', u'Ice Cream & Frozen Yogurt', u'Wine & Spirits', u'Coffee & Tea', u'Restaurants', u'Sandwiches', u'Diners', u'Breakfast & Brunch', u'American (Traditional)', u'Burgers', u'Bars', u'Nightlife'], 7: [u'Bakeries', u'Thai', u'Specialty Food', u'American (New)', u'Desserts', u'Breweries', u'Ice Cream & Frozen Yogurt', u'Wine & Spirits', u'Coffee & Tea', u'Restaurants', u'Pizza', u'Sandwiches', u'Diners', u'Breakfast & Brunch', u'American (Traditional)', u'Burgers', u'Bars', u'Nightlife'], 10: [u'Bakeries', u'Thai', u'Specialty Food', u'American (New)', u'Desserts', u'Breweries', u'Ice Cream & Frozen Yogurt', u'Wine & Spirits', u'Coffee & Tea', u'Restaurants', u'Pizza', u'Sandwiches', u'Diners', u'Breakfast & Brunch', u'American (Traditional)', u'Burgers', u'Bars', u'Nightlife'], 11: [u'Thai', u'Specialty Food', u'American (New)', u'Desserts', u'Breweries', u'Ice Cream & Frozen Yogurt', u'Wine & Spirits', u'Coffee & Tea', u'Restaurants', u'Pizza', u'Sandwiches', u'Diners', u'Breakfast & Brunch', u'American (Traditional)', u'Burgers', u'Bars', u'Nightlife'], 12: [u'Bakeries', u'Thai', u'Specialty Food', u'American (New)', u'Desserts', u'Breweries', u'Ice Cream & Frozen Yogurt', u'Wine & Spirits', u'Coffee & Tea', u'Restaurants', u'Sandwiches', u'Diners', u'Breakfast & Brunch', u'American (Traditional)', u'Burgers', u'Nightlife'], 13: [u'Bakeries', u'Thai', u'Specialty Food', u'American (New)', u'Desserts', u'Breweries', u'Ice Cream & Frozen Yogurt', u'Wine & Spirits', u'Coffee & Tea', u'Restaurants', u'Pizza', u'Sandwiches', u'Diners', u'Breakfast & Brunch', u'American (Traditional)', u'Burgers', u'Bars', u'Nightlife'], 14: [u'Bakeries', u'Thai', u'Specialty Food', u'American (New)', u'Desserts', u'Breweries', u'Ice Cream & Frozen Yogurt', u'Wine & Spirits', u'Coffee & Tea', u'Restaurants', u'Pizza', u'Sandwiches', u'Diners', u'Breakfast & Brunch', u'American (Traditional)', u'Burgers', u'Nightlife'], 15: [u'Bakeries', u'Thai', u'Specialty Food', u'American (New)', u'Desserts', u'Breweries', u'Ice Cream & Frozen Yogurt', u'Wine & Spirits', u'Coffee & Tea', u'Restaurants', u'Pizza', u'Sandwiches', u'Diners', u'Breakfast & Brunch', u'American (Traditional)', u'Burgers', u'Nightlife'], 16: [u'Bakeries', u'Thai', u'Specialty Food', u'American (New)', u'Desserts', u'Breweries', u'Ice Cream & Frozen Yogurt', u'Wine & Spirits', u'Coffee & Tea', u'Restaurants', u'Sandwiches', u'Diners', u'Breakfast & Brunch', u'American (Traditional)', u'Burgers', u'Nightlife'], 17: [u'Bakeries', u'Thai', u'Specialty Food', u'American (New)', u'Desserts', u'Breweries', u'Ice Cream & Frozen Yogurt', u'Wine & Spirits', u'Coffee & Tea', u'Restaurants', u'Pizza', u'Sandwiches', u'Diners', u'Breakfast & Brunch', u'American (Traditional)', u'Burgers', u'Nightlife'], 18: [u'Bakeries', u'Thai', u'Specialty Food', u'Desserts', u'Breweries', u'Ice Cream & Frozen Yogurt', u'Wine & Spirits', u'Coffee & Tea', u'Restaurants', u'Pizza', u'Sandwiches', u'Diners', u'Breakfast & Brunch', u'American (Traditional)', u'Bars', u'Nightlife'], 19: [u'Bakeries', u'Thai', u'Specialty Food', u'American (New)', u'Desserts', u'Breweries', u'Ice Cream & Frozen Yogurt', u'Wine & Spirits', u'Coffee & Tea', u'Restaurants', u'Sandwiches', u'Diners', u'Breakfast & Brunch', u'American (Traditional)', u'Burgers', u'Nightlife'], 20: [u'Thai', u'Specialty Food', u'Desserts', u'Breweries', u'Ice Cream & Frozen Yogurt', u'Wine & Spirits', u'Coffee & Tea', u'Restaurants', u'Pizza', u'Sandwiches', u'Diners', u'Breakfast & Brunch', u'American (Traditional)', u'Burgers', u'Bars', u'Nightlife'], 21: [u'Bakeries', u'Thai', u'Specialty Food', u'American (New)', u'Desserts', u'Breweries', u'Ice Cream & Frozen Yogurt', u'Wine & Spirits', u'Coffee & Tea', u'Restaurants', u'Pizza', u'Sandwiches', u'Diners', u'Breakfast & Brunch', u'American (Traditional)', u'Burgers', u'Nightlife'], 23: [u'Bakeries', u'Thai', u'Specialty Food', u'American (New)', u'Desserts', u'Breweries', u'Ice Cream & Frozen Yogurt', u'Wine & Spirits', u'Coffee & Tea', u'Restaurants', u'Pizza', u'Sandwiches', u'Diners', u'Breakfast & Brunch', u'American (Traditional)', u'Burgers', u'Nightlife'], 24: [u'Bakeries', u'Thai', u'Specialty Food', u'American (New)', u'Desserts', u'Breweries', u'Ice Cream & Frozen Yogurt', u'Wine & Spirits', u'Coffee & Tea', u'Restaurants', u'Pizza', u'Sandwiches', u'Diners', u'American (Traditional)', u'Burgers', u'Bars', u'Nightlife'], 26: [u'Bakeries', u'Thai', u'Specialty Food', u'American (New)', u'Desserts', u'Breweries', u'Ice Cream & Frozen Yogurt', u'Wine & Spirits', u'Coffee & Tea', u'Restaurants', u'Pizza', u'Sandwiches', u'Diners', u'Breakfast & Brunch', u'American (Traditional)', u'Burgers', u'Bars', u'Nightlife'], 27: [u'Bakeries', u'Thai', u'Specialty Food', u'American (New)', u'Desserts', u'Breweries', u'Ice Cream & Frozen Yogurt', u'Wine & Spirits', u'Coffee & Tea', u'Restaurants', u'Sandwiches', u'Diners', u'Breakfast & Brunch', u'American (Traditional)', u'Burgers', u'Bars', u'Nightlife'], 28: [u'Bakeries', u'Thai', u'Specialty Food', u'American (New)', u'Desserts', u'Breweries', u'Ice Cream & Frozen Yogurt', u'Wine & Spirits', u'Coffee & Tea', u'Restaurants', u'Pizza', u'Sandwiches', u'Diners', u'Breakfast & Brunch', u'Burgers', u'Bars', u'Nightlife'], 29: [u'Bakeries', u'Thai', u'Specialty Food', u'Desserts', u'Breweries', u'Ice Cream & Frozen Yogurt', u'Wine & Spirits', u'Coffee & Tea', u'Restaurants', u'Sandwiches', u'Diners', u'Breakfast & Brunch', u'American (Traditional)', u'Burgers', u'Bars', u'Nightlife'], 30: [u'Bakeries', u'Thai', u'Specialty Food', u'American (New)', u'Desserts', u'Breweries', u'Ice Cream & Frozen Yogurt', u'Wine & Spirits', u'Coffee & Tea', u'Restaurants', u'Pizza', u'Sandwiches', u'Diners', u'Breakfast & Brunch', u'American (Traditional)', u'Burgers', u'Bars', u'Nightlife'], 31: [u'Bakeries', u'Thai', u'Specialty Food', u'American (New)', u'Desserts', u'Breweries', u'Ice Cream & Frozen Yogurt', u'Wine & Spirits', u'Coffee & Tea', u'Restaurants', u'Sandwiches', u'Diners', u'Breakfast & Brunch', u'American (Traditional)', u'Burgers', u'Bars', u'Nightlife'], 32: [u'Bakeries', u'Thai', u'Specialty Food', u'Desserts', u'Breweries', u'Ice Cream & Frozen Yogurt', u'Wine & Spirits', u'Coffee & Tea', u'Restaurants', u'Sandwiches', u'Diners', u'Breakfast & Brunch', u'American (Traditional)', u'Burgers', u'Bars', u'Nightlife'], 33: [u'Bakeries', u'Thai', u'Specialty Food', u'American (New)', u'Desserts', u'Breweries', u'Ice Cream & Frozen Yogurt', u'Wine & Spirits', u'Coffee & Tea', u'Restaurants', u'Sandwiches', u'Diners', u'Breakfast & Brunch', u'American (Traditional)', u'Burgers', u'Bars', u'Nightlife'], 34: [u'Bakeries', u'Thai', u'Specialty Food', u'American (New)', u'Desserts', u'Breweries', u'Ice Cream & Frozen Yogurt', u'Wine & Spirits', u'Coffee & Tea', u'Restaurants', u'Sandwiches', u'Diners', u'Breakfast & Brunch', u'American (Traditional)', u'Burgers', u'Bars', u'Nightlife'], 35: [u'Bakeries', u'Thai', u'Specialty Food', u'Desserts', u'Breweries', u'Ice Cream & Frozen Yogurt', u'Wine & Spirits', u'Coffee & Tea', u'Sandwiches', u'Diners', u'Breakfast & Brunch', u'American (Traditional)', u'Burgers', u'Bars', u'Nightlife'], 36: [u'Bakeries', u'Thai', u'Specialty Food', u'American (New)', u'Desserts', u'Breweries', u'Ice Cream & Frozen Yogurt', u'Wine & Spirits', u'Coffee & Tea', u'Restaurants', u'Sandwiches', u'Diners', u'Breakfast & Brunch', u'American (Traditional)', u'Burgers', u'Bars', u'Nightlife'], 38: [u'Bakeries', u'Specialty Food', u'American (New)', u'Desserts', u'Breweries', u'Ice Cream & Frozen Yogurt', u'Wine & Spirits', u'Coffee & Tea', u'Restaurants', u'Pizza', u'Sandwiches', u'Diners', u'Breakfast & Brunch', u'American (Traditional)', u'Burgers', u'Bars', u'Nightlife'], 39: [u'Bakeries', u'Thai', u'Specialty Food', u'American (New)', u'Desserts', u'Breweries', u'Ice Cream & Frozen Yogurt', u'Wine & Spirits', u'Coffee & Tea', u'Restaurants', u'Pizza', u'Sandwiches', u'Diners', u'Breakfast & Brunch', u'American (Traditional)', u'Burgers', u'Nightlife'], 40: [u'Bakeries', u'Thai', u'Specialty Food', u'American (New)', u'Desserts', u'Breweries', u'Ice Cream & Frozen Yogurt', u'Wine & Spirits', u'Coffee & Tea', u'Pizza', u'Sandwiches', u'Diners', u'Breakfast & Brunch', u'American (Traditional)', u'Bars', u'Nightlife'], 41: [u'Bakeries', u'Thai', u'Specialty Food', u'American (New)', u'Desserts', u'Breweries', u'Ice Cream & Frozen Yogurt', u'Wine & Spirits', u'Coffee & Tea', u'Sandwiches', u'Breakfast & Brunch', u'American (Traditional)', u'Burgers', u'Bars', u'Nightlife'], 43: [u'Bakeries', u'Thai', u'Specialty Food', u'Desserts', u'Breweries', u'Ice Cream & Frozen Yogurt', u'Wine & Spirits', u'Coffee & Tea', u'Restaurants', u'Sandwiches', u'Diners', u'Breakfast & Brunch', u'American (Traditional)', u'Burgers', u'Bars', u'Nightlife'], 44: [u'Bakeries', u'Thai', u'Specialty Food', u'American (New)', u'Desserts', u'Breweries', u'Ice Cream & Frozen Yogurt', u'Wine & Spirits', u'Coffee & Tea', u'Restaurants', u'Pizza', u'Sandwiches', u'Diners', u'Breakfast & Brunch', u'American (Traditional)', u'Burgers', u'Nightlife'], 46: [u'Bakeries', u'Thai', u'Specialty Food', u'American (New)', u'Desserts', u'Breweries', u'Ice Cream & Frozen Yogurt', u'Wine & Spirits', u'Coffee & Tea', u'Pizza', u'Sandwiches', u'Diners', u'Breakfast & Brunch', u'American (Traditional)', u'Burgers', u'Bars', u'Nightlife'], 47: [u'Bakeries', u'Thai', u'Specialty Food', u'American (New)', u'Desserts', u'Breweries', u'Ice Cream & Frozen Yogurt', u'Wine & Spirits', u'Coffee & Tea', u'Restaurants', u'Sandwiches', u'Diners', u'Breakfast & Brunch', u'American (Traditional)', u'Burgers', u'Bars', u'Nightlife'], 48: [u'Bakeries', u'Thai', u'Specialty Food', u'American (New)', u'Desserts', u'Breweries', u'Ice Cream & Frozen Yogurt', u'Wine & Spirits', u'Coffee & Tea', u'Restaurants', u'Pizza', u'Sandwiches', u'Diners', u'Breakfast & Brunch', u'American (Traditional)', u'Burgers', u'Nightlife'], 49: [u'Bakeries', u'Thai', u'Specialty Food', u'American (New)', u'Desserts', u'Breweries', u'Ice Cream & Frozen Yogurt', u'Wine & Spirits', u'Coffee & Tea', u'Restaurants', u'Pizza', u'Sandwiches', u'Diners', u'Breakfast & Brunch', u'American (Traditional)', u'Burgers', u'Nightlife'], 50: [u'Bakeries', u'Thai', u'Specialty Food', u'American (New)', u'Desserts', u'Breweries', u'Ice Cream & Frozen Yogurt', u'Wine & Spirits', u'Coffee & Tea', u'Restaurants', u'Pizza', u'Sandwiches', u'Diners', u'Breakfast & Brunch', u'American (Traditional)', u'Burgers', u'Bars', u'Nightlife'], 51: [u'Bakeries', u'Thai', u'Specialty Food', u'American (New)', u'Desserts', u'Breweries', u'Ice Cream & Frozen Yogurt', u'Wine & Spirits', u'Coffee & Tea', u'Restaurants', u'Sandwiches', u'Diners', u'Breakfast & Brunch', u'American (Traditional)', u'Burgers', u'Bars', u'Nightlife'], 52: [u'Bakeries', u'Thai', u'Specialty Food', u'Desserts', u'Breweries', u'Ice Cream & Frozen Yogurt', u'Wine & Spirits', u'Coffee & Tea', u'Sandwiches', u'Diners', u'Breakfast & Brunch', u'American (Traditional)', u'Burgers', u'Bars', u'Nightlife'], 53: [u'Bakeries', u'Thai', u'Specialty Food', u'American (New)', u'Desserts', u'Breweries', u'Ice Cream & Frozen Yogurt', u'Wine & Spirits', u'Coffee & Tea', u'Restaurants', u'Pizza', u'Sandwiches', u'Diners', u'Breakfast & Brunch', u'American (Traditional)', u'Burgers', u'Bars', u'Nightlife'], 54: [u'Bakeries', u'Thai', u'Specialty Food', u'American (New)', u'Desserts', u'Breweries', u'Ice Cream & Frozen Yogurt', u'Wine & Spirits', u'Coffee & Tea', u'Restaurants', u'Pizza', u'Sandwiches', u'Diners', u'American (Traditional)', u'Burgers', u'Bars', u'Nightlife'], 57: [u'Bakeries', u'Thai', u'Specialty Food', u'American (New)', u'Desserts', u'Breweries', u'Ice Cream & Frozen Yogurt', u'Wine & Spirits', u'Coffee & Tea', u'Restaurants', u'Sandwiches', u'Diners', u'Breakfast & Brunch', u'American (Traditional)', u'Burgers', u'Bars', u'Nightlife'], 58: [u'Bakeries', u'Thai', u'Specialty Food', u'American (New)', u'Desserts', u'Breweries', u'Ice Cream & Frozen Yogurt', u'Wine & Spirits', u'Coffee & Tea', u'Restaurants', u'Pizza', u'Sandwiches', u'Diners', u'Breakfast & Brunch', u'American (Traditional)', u'Burgers', u'Bars', u'Nightlife'], 59: [u'Bakeries', u'Thai', u'Specialty Food', u'American (New)', u'Desserts', u'Breweries', u'Ice Cream & Frozen Yogurt', u'Wine & Spirits', u'Coffee & Tea', u'Restaurants', u'Pizza', u'Sandwiches', u'Diners', u'Breakfast & Brunch', u'American (Traditional)', u'Burgers', u'Bars', u'Nightlife'], 60: [u'Bakeries', u'Thai', u'Specialty Food', u'American (New)', u'Desserts', u'Breweries', u'Ice Cream & Frozen Yogurt', u'Wine & Spirits', u'Coffee & Tea', u'Restaurants', u'Pizza', u'Sandwiches', u'Diners', u'Breakfast & Brunch', u'American (Traditional)', u'Burgers', u'Bars', u'Nightlife'], 62: [u'Bakeries', u'Thai', u'Specialty Food', u'American (New)', u'Desserts', u'Breweries', u'Ice Cream & Frozen Yogurt', u'Wine & Spirits', u'Coffee & Tea', u'Restaurants', u'Pizza', u'Sandwiches', u'Diners', u'Breakfast & Brunch', u'American (Traditional)', u'Burgers', u'Bars', u'Nightlife'], 64: [u'Bakeries', u'Thai', u'Specialty Food', u'Desserts', u'Breweries', u'Ice Cream & Frozen Yogurt', u'Wine & Spirits', u'Coffee & Tea', u'Restaurants', u'Pizza', u'Sandwiches', u'Diners', u'Breakfast & Brunch', u'American (Traditional)', u'Burgers', u'Bars', u'Nightlife'], 66: [u'Bakeries', u'Thai', u'Specialty Food', u'Desserts', u'Breweries', u'Ice Cream & Frozen Yogurt', u'Wine & Spirits', u'Coffee & Tea', u'Restaurants', u'Pizza', u'Sandwiches', u'Diners', u'Breakfast & Brunch', u'American (Traditional)', u'Burgers', u'Nightlife'], 67: [u'Thai', u'Specialty Food', u'American (New)', u'Desserts', u'Breweries', u'Ice Cream & Frozen Yogurt', u'Wine & Spirits', u'Coffee & Tea', u'Restaurants', u'Pizza', u'Sandwiches', u'Diners', u'Breakfast & Brunch', u'American (Traditional)', u'Bars', u'Nightlife'], 71: [u'Bakeries', u'Thai', u'Specialty Food', u'American (New)', u'Desserts', u'Breweries', u'Ice Cream & Frozen Yogurt', u'Wine & Spirits', u'Coffee & Tea', u'Restaurants', u'Pizza', u'Sandwiches', u'Diners', u'Breakfast & Brunch', u'American (Traditional)', u'Burgers', u'Bars', u'Nightlife'], 72: [u'Bakeries', u'Thai', u'Specialty Food', u'American (New)', u'Desserts', u'Breweries', u'Ice Cream & Frozen Yogurt', u'Wine & Spirits', u'Coffee & Tea', u'Restaurants', u'Sandwiches', u'Diners', u'Breakfast & Brunch', u'American (Traditional)', u'Burgers', u'Bars', u'Nightlife'], 73: [u'Bakeries', u'Thai', u'Specialty Food', u'American (New)', u'Desserts', u'Breweries', u'Ice Cream & Frozen Yogurt', u'Wine & Spirits', u'Coffee & Tea', u'Restaurants', u'Pizza', u'Sandwiches', u'Diners', u'Breakfast & Brunch', u'American (Traditional)', u'Burgers', u'Nightlife'], 74: [u'Bakeries', u'Thai', u'Specialty Food', u'American (New)', u'Desserts', u'Breweries', u'Ice Cream & Frozen Yogurt', u'Wine & Spirits', u'Coffee & Tea', u'Restaurants', u'Pizza', u'Sandwiches', u'Diners', u'Breakfast & Brunch', u'American (Traditional)', u'Burgers', u'Bars', u'Nightlife'], 75: [u'Bakeries', u'Thai', u'Specialty Food', u'American (New)', u'Desserts', u'Breweries', u'Ice Cream & Frozen Yogurt', u'Wine & Spirits', u'Coffee & Tea', u'Restaurants', u'Pizza', u'Sandwiches', u'Diners', u'American (Traditional)', u'Burgers', u'Bars', u'Nightlife'], 76: [u'Bakeries', u'Thai', u'Specialty Food', u'American (New)', u'Desserts', u'Breweries', u'Ice Cream & Frozen Yogurt', u'Wine & Spirits', u'Coffee & Tea', u'Restaurants', u'Pizza', u'Sandwiches', u'Diners', u'Breakfast & Brunch', u'American (Traditional)', u'Burgers', u'Bars', u'Nightlife'], 77: [u'Bakeries', u'Thai', u'Specialty Food', u'American (New)', u'Desserts', u'Breweries', u'Ice Cream & Frozen Yogurt', u'Wine & Spirits', u'Coffee & Tea', u'Pizza', u'Sandwiches', u'Diners', u'Burgers', u'Nightlife'], 78: [u'Bakeries', u'Thai', u'Specialty Food', u'American (New)', u'Desserts', u'Breweries', u'Ice Cream & Frozen Yogurt', u'Wine & Spirits', u'Coffee & Tea', u'Restaurants', u'Sandwiches', u'Diners', u'Breakfast & Brunch', u'American (Traditional)', u'Burgers', u'Bars', u'Nightlife'], 83: [u'Bakeries', u'Thai', u'Specialty Food', u'American (New)', u'Desserts', u'Breweries', u'Ice Cream & Frozen Yogurt', u'Wine & Spirits', u'Coffee & Tea', u'Restaurants', u'Sandwiches', u'Diners', u'Breakfast & Brunch', u'American (Traditional)', u'Burgers', u'Bars', u'Nightlife'], 84: [u'Bakeries', u'Thai', u'Specialty Food', u'American (New)', u'Desserts', u'Breweries', u'Ice Cream & Frozen Yogurt', u'Wine & Spirits', u'Coffee & Tea', u'Restaurants', u'Pizza', u'Sandwiches', u'Diners', u'Breakfast & Brunch', u'American (Traditional)', u'Burgers', u'Nightlife'], 85: [u'Bakeries', u'Thai', u'Specialty Food', u'American (New)', u'Desserts', u'Breweries', u'Ice Cream & Frozen Yogurt', u'Wine & Spirits', u'Coffee & Tea', u'Restaurants', u'Sandwiches', u'Diners', u'Breakfast & Brunch', u'American (Traditional)', u'Burgers', u'Bars', u'Nightlife'], 86: [u'Bakeries', u'Thai', u'Specialty Food', u'American (New)', u'Desserts', u'Breweries', u'Ice Cream & Frozen Yogurt', u'Wine & Spirits', u'Coffee & Tea', u'Restaurants', u'Sandwiches', u'Diners', u'Breakfast & Brunch', u'American (Traditional)', u'Bars', u'Nightlife'], 87: [u'Bakeries', u'Thai', u'Specialty Food', u'American (New)', u'Desserts', u'Breweries', u'Ice Cream & Frozen Yogurt', u'Wine & Spirits', u'Coffee & Tea', u'Restaurants', u'Pizza', u'Sandwiches', u'Diners', u'Breakfast & Brunch', u'American (Traditional)', u'Burgers', u'Bars', u'Nightlife'], 90: [u'Bakeries', u'Thai', u'Specialty Food', u'American (New)', u'Desserts', u'Breweries', u'Ice Cream & Frozen Yogurt', u'Wine & Spirits', u'Coffee & Tea', u'Restaurants', u'Pizza', u'Sandwiches', u'Breakfast & Brunch', u'American (Traditional)', u'Burgers', u'Nightlife'], 93: [u'Bakeries', u'Thai', u'Specialty Food', u'American (New)', u'Desserts', u'Breweries', u'Ice Cream & Frozen Yogurt', u'Wine & Spirits', u'Coffee & Tea', u'Restaurants', u'Sandwiches', u'Diners', u'Breakfast & Brunch', u'American (Traditional)', u'Burgers', u'Bars', u'Nightlife'], 94: [u'Bakeries', u'Thai', u'Specialty Food', u'American (New)', u'Desserts', u'Breweries', u'Ice Cream & Frozen Yogurt', u'Wine & Spirits', u'Coffee & Tea', u'Pizza', u'Sandwiches', u'Diners', u'Breakfast & Brunch', u'American (Traditional)', u'Burgers', u'Bars', u'Nightlife'], 96: [u'Bakeries', u'Thai', u'Specialty Food', u'American (New)', u'Desserts', u'Breweries', u'Ice Cream & Frozen Yogurt', u'Wine & Spirits', u'Coffee & Tea', u'Restaurants', u'Pizza', u'Sandwiches', u'Diners', u'Breakfast & Brunch', u'American (Traditional)', u'Burgers', u'Nightlife'], 99: [u'Bakeries', u'Thai', u'Specialty Food', u'American (New)', u'Desserts', u'Breweries', u'Ice Cream & Frozen Yogurt', u'Wine & Spirits', u'Coffee & Tea', u'Restaurants', u'Sandwiches', u'Diners', u'Breakfast & Brunch', u'American (Traditional)', u'Burgers', u'Bars', u'Nightlife'], 100: [u'Bakeries', u'Thai', u'Specialty Food', u'American (New)', u'Desserts', u'Breweries', u'Ice Cream & Frozen Yogurt', u'Wine & Spirits', u'Coffee & Tea', u'Restaurants', u'Pizza', u'Sandwiches', u'Diners', u'Breakfast & Brunch', u'American (Traditional)', u'Burgers', u'Nightlife'], 103: [u'Bakeries', u'Thai', u'Specialty Food', u'American (New)', u'Desserts', u'Breweries', u'Ice Cream & Frozen Yogurt', u'Wine & Spirits', u'Coffee & Tea', u'Restaurants', u'Sandwiches', u'Diners', u'Breakfast & Brunch', u'American (Traditional)', u'Bars', u'Nightlife'], 106: [u'Bakeries', u'Thai', u'Specialty Food', u'American (New)', u'Desserts', u'Breweries', u'Ice Cream & Frozen Yogurt', u'Wine & Spirits', u'Coffee & Tea', u'Restaurants', u'Pizza', u'Sandwiches', u'Diners', u'Breakfast & Brunch', u'American (Traditional)', u'Burgers', u'Bars', u'Nightlife'], 109: [u'Thai', u'Specialty Food', u'American (New)', u'Desserts', u'Breweries', u'Ice Cream & Frozen Yogurt', u'Wine & Spirits', u'Coffee & Tea', u'Restaurants', u'Pizza', u'Sandwiches', u'Diners', u'Breakfast & Brunch', u'American (Traditional)', u'Burgers', u'Bars', u'Nightlife'], 116: [u'Bakeries', u'Thai', u'Specialty Food', u'American (New)', u'Desserts', u'Breweries', u'Ice Cream & Frozen Yogurt', u'Wine & Spirits', u'Coffee & Tea', u'Restaurants', u'Diners', u'Breakfast & Brunch', u'American (Traditional)', u'Burgers', u'Bars', u'Nightlife'], 117: [u'Bakeries', u'Thai', u'Specialty Food', u'American (New)', u'Desserts', u'Breweries', u'Ice Cream & Frozen Yogurt', u'Wine & Spirits', u'Coffee & Tea', u'Restaurants', u'Pizza', u'Sandwiches', u'Diners', u'Breakfast & Brunch', u'American (Traditional)', u'Burgers', u'Nightlife'], 120: [u'Bakeries', u'Thai', u'Specialty Food', u'American (New)', u'Desserts', u'Breweries', u'Ice Cream & Frozen Yogurt', u'Wine & Spirits', u'Coffee & Tea', u'Restaurants', u'Pizza', u'Sandwiches', u'Diners', u'Breakfast & Brunch', u'American (Traditional)', u'Burgers', u'Bars', u'Nightlife'], 121: [u'Bakeries', u'Specialty Food', u'American (New)', u'Desserts', u'Breweries', u'Ice Cream & Frozen Yogurt', u'Wine & Spirits', u'Coffee & Tea', u'Restaurants', u'Pizza', u'Sandwiches', u'Diners', u'Breakfast & Brunch', u'American (Traditional)', u'Burgers', u'Bars', u'Nightlife']}"
14,Automotive,"{34: [u'Auto Repair', u'Body Shops'], 103: [u'Auto Repair', u'Body Shops'], 10: [u'Auto Repair', u'Body Shops'], 107: [u'Auto Repair', u'Body Shops'], 110: [u'Body Shops'], 47: [u'Auto Repair', u'Body Shops'], 80: [u'Auto Repair', u'Body Shops'], 113: [u'Auto Repair', u'Body Shops'], 53: [u'Auto Repair', u'Body Shops'], 56: [u'Auto Repair', u'Body Shops'], 58: [u'Auto Repair', u'Body Shops'], 79: [u'Auto Repair', u'Body Shops']}"
15,Diners,"{41: [u'Breakfast & Brunch', u'Ice Cream & Frozen Yogurt', u'Italian'], 90: [u'Breakfast & Brunch', u'Ice Cream & Frozen Yogurt', u'Restaurants', u'Italian'], 5: [u'Breakfast & Brunch', u'Ice Cream & Frozen Yogurt', u'Restaurants', u'Italian']}"
16,Sports Bars,{}
17,Active,{}
18,Italian,{}
19,Venues & Event Spaces,{}
20,Bakeries,"{67: [u'Desserts', u'Restaurants'], 101: [u'Desserts', u'Food', u'Restaurants'], 11: [u'Desserts', u'Restaurants'], 109: [u'Desserts', u'Restaurants'], 112: [u'Desserts', u'Food', u'Restaurants'], 82: [u'Desserts', u'Food', u'Restaurants'], 20: [u'Desserts', u'Restaurants'], 89: [u'Desserts', u'Food', u'Restaurants'], 92: [u'Desserts', u'Food', u'Restaurants'], 61: [u'Desserts', u'Food', u'Restaurants'], 126: [u'Desserts', u'Food', u'Restaurants']}"
21,Local Services,"{97: [u'Restaurants', u'Home Services'], 130: [u'Restaurants', u'Home Services'], 10: [u'Restaurants', u'Home Services'], 11: [u'Restaurants', u'Home Services'], 109: [u'Restaurants', u'Home Services'], 45: [u'Restaurants', u'Home Services'], 79: [u'Restaurants', u'Home Services'], 48: [u'Restaurants', u'Home Services'], 20: [u'Restaurants', u'Home Services'], 21: [u'Restaurants', u'Home Services'], 119: [u'Restaurants', u'Home Services'], 56: [u'Restaurants', u'Home Services'], 117: [u'Restaurants', u'Home Services'], 85: [u'Restaurants', u'Home Services'], 31: [u'Restaurants', u'Home Services']}"
22,Nightlife,"{70: [u'Bars', u'Wine Bars', u'Gastropubs', u'Stadiums & Arenas', u'Music Venues', u'Seafood', u'Sports Bars', u'Pubs', u'Restaurants', u'Arts & Entertainment', u'Event Planning & Services', u'Italian', u'Mediterranean', u'American (Traditional)', u'Burgers', u'Breakfast & Brunch', u'Food', u'Hotels & Travel', u'Coffee & Tea', u'American (New)', u'Sandwiches', u'Shopping']}"
23,Art Galleries,{}
24,Restaurants,"{2: [u'Caterers', u'Caribbean', u'Thai', u'French', u'Indian', u'Wine Bars', u'Asian Fusion', u'Vegetarian', u'Gastropubs', u'Art Galleries', u'Greek', u'Health & Medical', u'Nightlife', u'Delis', u'Chicken Wings', u'Specialty Food', u'Italian', u'Middle Eastern', u'Hotels', u'Barbeque', u'Steakhouses', u'American (New)', u'Seafood', u'Sushi Bars', u'Japanese', u'Cafes', u'Mediterranean', u'Ice Cream & Frozen Yogurt', u'Burgers', u'Mexican', u'Chinese', u'Grocery', u'Beauty & Spas', u'Coffee & Tea', u'Diners', u'Breakfast & Brunch', u'Sandwiches', u'Pizza', u'Event Planning & Services', u'Arts & Entertainment', u'Shopping', u'Home & Garden', u'Venues & Event Spaces', u'Bakeries', u'Desserts', u'Breweries', u'American (Traditional)', u'Home Services', u'Local Services', u'Pubs', u'Automotive'], 35: [u'Caterers', u'Caribbean', u'Thai', u'French', u'Indian', u'Wine Bars', u'Asian Fusion', u'Vegetarian', u'Gastropubs', u'Art Galleries', u'Greek', u'Health & Medical', u'Nightlife', u'Delis', u'Chicken Wings', u'Specialty Food', u'Italian', u'Middle Eastern', u'Hotels', u'Barbeque', u'Steakhouses', u'Seafood', u'Sushi Bars', u'Japanese', u'Cafes', u'Mediterranean', u'Ice Cream & Frozen Yogurt', u'Burgers', u'Mexican', u'Chinese', u'Grocery', u'Beauty & Spas', u'Coffee & Tea', u'Diners', u'Breakfast & Brunch', u'Sandwiches', u'Event Planning & Services', u'Bars', u'Arts & Entertainment', u'Shopping', u'Home & Garden', u'Venues & Event Spaces', u'Bakeries', u'Desserts', u'Breweries', u'American (Traditional)', u'Home Services', u'Local Services', u'Pubs', u'Automotive'], 40: [u'Caterers', u'Caribbean', u'Thai', u'French', u'Indian', u'Wine Bars', u'Asian Fusion', u'Vegetarian', u'Gastropubs', u'Art Galleries', u'Greek', u'Health & Medical', u'Nightlife', u'Delis', u'Chicken Wings', u'Specialty Food', u'Italian', u'Middle Eastern', u'Hotels', u'Barbeque', u'Steakhouses', u'American (New)', u'Seafood', u'Sushi Bars', u'Japanese', u'Cafes', u'Mediterranean', u'Ice Cream & Frozen Yogurt', u'Mexican', u'Chinese', u'Grocery', u'Beauty & Spas', u'Coffee & Tea', u'Diners', u'Breakfast & Brunch', u'Sandwiches', u'Pizza', u'Event Planning & Services', u'Bars', u'Arts & Entertainment', u'Shopping', u'Home & Garden', u'Venues & Event Spaces', u'Bakeries', u'Desserts', u'Breweries', u'American (Traditional)', u'Home Services', u'Local Services', u'Pubs', u'Automotive'], 41: [u'Caterers', u'Caribbean', u'Thai', u'French', u'Indian', u'Wine Bars', u'Asian Fusion', u'Vegetarian', u'Gastropubs', u'Art Galleries', u'Greek', u'Health & Medical', u'Nightlife', u'Delis', u'Chicken Wings', u'Specialty Food', u'Italian', u'Middle Eastern', u'Hotels', u'Barbeque', u'Steakhouses', u'American (New)', u'Seafood', u'Sushi Bars', u'Japanese', u'Cafes', u'Mediterranean', u'Ice Cream & Frozen Yogurt', u'Burgers', u'Mexican', u'Chinese', u'Grocery', u'Beauty & Spas', u'Coffee & Tea', u'Breakfast & Brunch', u'Sandwiches', u'Event Planning & Services', u'Bars', u'Arts & Entertainment', u'Shopping', u'Home & Garden', u'Venues & Event Spaces', u'Bakeries', u'Desserts', u'Breweries', u'American (Traditional)', u'Home Services', u'Local Services', u'Pubs', u'Automotive'], 42: [u'Caterers', u'Caribbean', u'Thai', u'French', u'Indian', u'Wine Bars', u'Asian Fusion', u'Vegetarian', u'Gastropubs', u'Art Galleries', u'Greek', u'Health & Medical', u'Nightlife', u'Delis', u'Chicken Wings', u'Specialty Food', u'Italian', u'Middle Eastern', u'Hotels', u'Barbeque', u'Steakhouses', u'American (New)', u'Seafood', u'Sushi Bars', u'Japanese', u'Cafes', u'Mediterranean', u'Ice Cream & Frozen Yogurt', u'Burgers', u'Mexican', u'Chinese', u'Grocery', u'Beauty & Spas', u'Coffee & Tea', u'Diners', u'Breakfast & Brunch', u'Sandwiches', u'Pizza', u'Event Planning & Services', u'Food', u'Bars', u'Arts & Entertainment', u'Shopping', u'Home & Garden', u'Venues & Event Spaces', u'Bakeries', u'Desserts', u'Breweries', u'American (Traditional)', u'Home Services', u'Local Services', u'Pubs', u'Automotive'], 77: [u'Caterers', u'Caribbean', u'Thai', u'French', u'Indian', u'Wine Bars', u'Asian Fusion', u'Vegetarian', u'Gastropubs', u'Art Galleries', u'Greek', u'Nightlife', u'Delis', u'Chicken Wings', u'Specialty Food', u'Italian', u'Middle Eastern', u'Hotels', u'Barbeque', u'Steakhouses', u'American (New)', u'Seafood', u'Sushi Bars', u'Japanese', u'Cafes', u'Mediterranean', u'Ice Cream & Frozen Yogurt', u'Burgers', u'Mexican', u'Chinese', u'Grocery', u'Beauty & Spas', u'Coffee & Tea', u'Diners', u'Sandwiches', u'Pizza', u'Event Planning & Services', u'Arts & Entertainment', u'Shopping', u'Home & Garden', u'Venues & Event Spaces', u'Bakeries', u'Desserts', u'Breweries', u'Home Services', u'Local Services', u'Pubs', u'Automotive'], 46: [u'Caterers', u'Caribbean', u'Thai', u'French', u'Indian', u'Wine Bars', u'Asian Fusion', u'Vegetarian', u'Gastropubs', u'Art Galleries', u'Greek', u'Health & Medical', u'Nightlife', u'Delis', u'Chicken Wings', u'Specialty Food', u'Italian', u'Middle Eastern', u'Hotels', u'Barbeque', u'Steakhouses', u'American (New)', u'Seafood', u'Sushi Bars', u'Japanese', u'Cafes', u'Mediterranean', u'Ice Cream & Frozen Yogurt', u'Burgers', u'Mexican', u'Chinese', u'Grocery', u'Beauty & Spas', u'Coffee & Tea', u'Diners', u'Breakfast & Brunch', u'Sandwiches', u'Pizza', u'Event Planning & Services', u'Bars', u'Shopping', u'Home & Garden', u'Venues & Event Spaces', u'Bakeries', u'Desserts', u'Breweries', u'American (Traditional)', u'Home Services', u'Local Services', u'Pubs', u'Automotive'], 52: [u'Caterers', u'Thai', u'French', u'Indian', u'Wine Bars', u'Asian Fusion', u'Vegetarian', u'Gastropubs', u'Art Galleries', u'Greek', u'Health & Medical', u'Nightlife', u'Delis', u'Chicken Wings', u'Specialty Food', u'Italian', u'Middle Eastern', u'Hotels', u'Barbeque', u'Steakhouses', u'Seafood', u'Sushi Bars', u'Japanese', u'Cafes', u'Mediterranean', u'Ice Cream & Frozen Yogurt', u'Burgers', u'Mexican', u'Chinese', u'Grocery', u'Beauty & Spas', u'Coffee & Tea', u'Diners', u'Breakfast & Brunch', u'Sandwiches', u'Event Planning & Services', u'Bars', u'Arts & Entertainment', u'Shopping', u'Home & Garden', u'Venues & Event Spaces', u'Bakeries', u'Desserts', u'Breweries', u'American (Traditional)', u'Home Services', u'Local Services', u'Pubs', u'Automotive'], 94: [u'Caterers', u'Caribbean', u'Thai', u'French', u'Indian', u'Wine Bars', u'Asian Fusion', u'Vegetarian', u'Gastropubs', u'Art Galleries', u'Greek', u'Health & Medical', u'Nightlife', u'Delis', u'Chicken Wings', u'Specialty Food', u'Italian', u'Middle Eastern', u'Hotels', u'Barbeque', u'Steakhouses', u'American (New)', u'Seafood', u'Sushi Bars', u'Japanese', u'Cafes', u'Mediterranean', u'Ice Cream & Frozen Yogurt', u'Burgers', u'Mexican', u'Chinese', u'Grocery', u'Beauty & Spas', u'Coffee & Tea', u'Diners', u'Breakfast & Brunch', u'Sandwiches', u'Pizza', u'Event Planning & Services', u'Bars', u'Arts & Entertainment', u'Shopping', u'Home & Garden', u'Venues & Event Spaces', u'Bakeries', u'Desserts', u'Breweries', u'American (Traditional)', u'Home Services', u'Local Services', u'Pubs', u'Automotive']}"
25,Ice Cream & Frozen Yogurt,{}
26,Bars,"{2: [u'Wine Bars', u'Nightlife', u'Italian', u'Sports Bars', u'Mediterranean', u'American (Traditional)', u'Burgers', u'Coffee & Tea', u'American (New)'], 3: [u'Wine Bars', u'Nightlife', u'Restaurants', u'Italian', u'Sports Bars', u'Mediterranean', u'American (Traditional)', u'Burgers', u'Coffee & Tea', u'American (New)'], 133: [u'Wine Bars', u'Nightlife', u'Restaurants', u'Italian', u'Sports Bars', u'Mediterranean', u'American (Traditional)', u'Burgers', u'Coffee & Tea', u'American (New)', u'Food'], 8: [u'Wine Bars', u'Nightlife', u'Restaurants', u'Italian', u'Sports Bars', u'Mediterranean', u'American (Traditional)', u'Burgers', u'Coffee & Tea', u'Food'], 12: [u'Wine Bars', u'Nightlife', u'Restaurants', u'Italian', u'Sports Bars', u'Mediterranean', u'American (Traditional)', u'Burgers', u'Coffee & Tea', u'American (New)'], 14: [u'Wine Bars', u'Nightlife', u'Restaurants', u'Italian', u'Sports Bars', u'Mediterranean', u'American (Traditional)', u'Burgers', u'Coffee & Tea', u'American (New)'], 15: [u'Wine Bars', u'Nightlife', u'Restaurants', u'Italian', u'Sports Bars', u'Mediterranean', u'American (Traditional)', u'Burgers', u'Coffee & Tea', u'American (New)'], 16: [u'Wine Bars', u'Nightlife', u'Restaurants', u'Italian', u'Sports Bars', u'Mediterranean', u'American (Traditional)', u'Burgers', u'Coffee & Tea', u'American (New)'], 17: [u'Wine Bars', u'Nightlife', u'Restaurants', u'Italian', u'Sports Bars', u'Mediterranean', u'American (Traditional)', u'Burgers', u'Coffee & Tea', u'American (New)'], 19: [u'Wine Bars', u'Nightlife', u'Restaurants', u'Italian', u'Sports Bars', u'Mediterranean', u'American (Traditional)', u'Burgers', u'Coffee & Tea', u'American (New)'], 21: [u'Wine Bars', u'Nightlife', u'Restaurants', u'Italian', u'Sports Bars', u'Mediterranean', u'American (Traditional)', u'Burgers', u'Coffee & Tea', u'American (New)'], 23: [u'Wine Bars', u'Nightlife', u'Restaurants', u'Italian', u'Sports Bars', u'Mediterranean', u'American (Traditional)', u'Burgers', u'Coffee & Tea', u'American (New)'], 37: [u'Wine Bars', u'Nightlife', u'Restaurants', u'Italian', u'Sports Bars', u'Mediterranean', u'American (Traditional)', u'Burgers', u'Coffee & Tea', u'American (New)', u'Food'], 39: [u'Wine Bars', u'Nightlife', u'Restaurants', u'Italian', u'Sports Bars', u'Mediterranean', u'American (Traditional)', u'Burgers', u'Coffee & Tea', u'American (New)'], 44: [u'Wine Bars', u'Nightlife', u'Restaurants', u'Italian', u'Sports Bars', u'Mediterranean', u'American (Traditional)', u'Burgers', u'Coffee & Tea', u'American (New)'], 48: [u'Wine Bars', u'Nightlife', u'Restaurants', u'Italian', u'Sports Bars', u'Mediterranean', u'American (Traditional)', u'Burgers', u'Coffee & Tea', u'American (New)'], 49: [u'Wine Bars', u'Nightlife', u'Restaurants', u'Italian', u'Sports Bars', u'Mediterranean', u'American (Traditional)', u'Burgers', u'Coffee & Tea', u'American (New)'], 55: [u'Wine Bars', u'Nightlife', u'Restaurants', u'Italian', u'Sports Bars', u'Mediterranean', u'American (Traditional)', u'Burgers', u'Coffee & Tea', u'American (New)', u'Food'], 65: [u'Wine Bars', u'Nightlife', u'Restaurants', u'Italian', u'Sports Bars', u'Mediterranean', u'Burgers', u'Coffee & Tea', u'Food'], 66: [u'Wine Bars', u'Nightlife', u'Restaurants', u'Italian', u'Sports Bars', u'Mediterranean', u'American (Traditional)', u'Burgers', u'Coffee & Tea'], 73: [u'Wine Bars', u'Nightlife', u'Restaurants', u'Italian', u'Sports Bars', u'Mediterranean', u'American (Traditional)', u'Burgers', u'Coffee & Tea', u'American (New)'], 77: [u'Wine Bars', u'Nightlife', u'Italian', u'Sports Bars', u'Mediterranean', u'Burgers', u'Coffee & Tea', u'American (New)'], 84: [u'Wine Bars', u'Nightlife', u'Restaurants', u'Italian', u'Sports Bars', u'Mediterranean', u'American (Traditional)', u'Burgers', u'Coffee & Tea', u'American (New)'], 89: [u'Wine Bars', u'Nightlife', u'Restaurants', u'Italian', u'Sports Bars', u'Mediterranean', u'American (Traditional)', u'Burgers', u'Coffee & Tea', u'American (New)', u'Food'], 90: [u'Wine Bars', u'Nightlife', u'Restaurants', u'Italian', u'Sports Bars', u'Mediterranean', u'American (Traditional)', u'Burgers', u'Coffee & Tea', u'American (New)'], 95: [u'Wine Bars', u'Nightlife', u'Restaurants', u'Italian', u'Sports Bars', u'Mediterranean', u'American (Traditional)', u'Burgers', u'Coffee & Tea', u'American (New)', u'Food'], 96: [u'Wine Bars', u'Nightlife', u'Restaurants', u'Italian', u'Sports Bars', u'Mediterranean', u'American (Traditional)', u'Burgers', u'Coffee & Tea', u'American (New)'], 98: [u'Wine Bars', u'Nightlife', u'Restaurants', u'Italian', u'Sports Bars', u'Mediterranean', u'Burgers', u'Coffee & Tea', u'Food'], 100: [u'Wine Bars', u'Nightlife', u'Restaurants', u'Italian', u'Sports Bars', u'Mediterranean', u'American (Traditional)', u'Burgers', u'Coffee & Tea', u'American (New)'], 105: [u'Wine Bars', u'Nightlife', u'Restaurants', u'Italian', u'Sports Bars', u'Mediterranean', u'American (Traditional)', u'Burgers', u'Coffee & Tea', u'American (New)', u'Food'], 115: [u'Wine Bars', u'Nightlife', u'Restaurants', u'Italian', u'Sports Bars', u'Mediterranean', u'Burgers', u'Coffee & Tea', u'American (New)', u'Food'], 117: [u'Wine Bars', u'Nightlife', u'Restaurants', u'Italian', u'Sports Bars', u'Mediterranean', u'American (Traditional)', u'Burgers', u'Coffee & Tea', u'American (New)'], 122: [u'Wine Bars', u'Nightlife', u'Restaurants', u'Italian', u'Sports Bars', u'Mediterranean', u'American (Traditional)', u'Burgers', u'Coffee & Tea', u'American (New)', u'Food'], 125: [u'Wine Bars', u'Nightlife', u'Restaurants', u'Italian', u'Sports Bars', u'Mediterranean', u'American (Traditional)', u'Burgers', u'Coffee & Tea', u'American (New)', u'Food']}"
27,American (Traditional),"{128: [u'Bars', u'Burgers', u'Coffee & Tea', u'Nightlife', u'Italian', u'Restaurants'], 1: [u'Bars', u'Burgers', u'Coffee & Tea', u'Nightlife', u'Italian', u'Food', u'Restaurants'], 98: [u'Burgers', u'Coffee & Tea', u'Nightlife', u'Italian', u'Food', u'Restaurants'], 65: [u'Burgers', u'Coffee & Tea', u'Nightlife', u'Italian', u'Food', u'Restaurants'], 45: [u'Bars', u'Coffee & Tea', u'Nightlife', u'Italian', u'Food', u'Restaurants'], 77: [u'Burgers', u'Coffee & Tea', u'Nightlife', u'Italian'], 114: [u'Bars', u'Burgers', u'Coffee & Tea', u'Nightlife', u'Italian', u'Food', u'Restaurants'], 115: [u'Burgers', u'Coffee & Tea', u'Nightlife', u'Italian', u'Food', u'Restaurants'], 91: [u'Bars', u'Burgers', u'Coffee & Tea', u'Nightlife', u'Italian', u'Food', u'Restaurants'], 28: [u'Bars', u'Burgers', u'Coffee & Tea', u'Nightlife', u'Italian', u'Restaurants']}"
28,Mediterranean,{}
29,Event Planning & Services,{}
